V1,V2,V3,V4,V5,V6,V7,V8,V9,V10,Consent,Instructions,Male_KheuKhya_weich,Female_KheuKhya_weic,Female_KheuKhya_weic,Male_KheuKhya_weich,Male_KhyaKheu_weich,Female_KhyaKheu_weic,Female_KhyaKheu_weic,Male_KhyaKheu_weich,Male_KhyaKheu_weich,Female_KheuKhya_weic,Female_KhyaKheu_weic,Male_KheuKhya_weich,Male_KheuKhya_weich,Female_KhyaKheu_weic,Female_KheuKhya_weic,Male_KhyaKheu_weich,Female_KheuKhya_hart,Male_KhyaKheu_hart,Male_KheuKhya_hart,Female_KhyaKheu_hart,Female_KhyaKheu_hart,Male_KheuKhya_hart,Male_KhyaKheu_hart,Female_KheuKhya_hart,Female_KhyaKheu_hart,Male_KhyaKheu_hart,Male_KhyaKheu_hart,Female_KhyaKheu_hart,Female_KheuKhya_hart,Male_KheuKhya_hart,Male_KheuKhya_hart,Male_KheuKhya_hart,Qualitative question,AudioQuestion,AudioMultiple,Age,Gender,Handedness,Native,KoreanLanguage,KoreanRestaurant,SojuQuestion,KoreanFriends,KoreanDrama,KoreanVisit,Description,LocationLatitude,LocationLongitude,LocationAccuracy,
ResponseID,ResponseSet,Name,ExternalDataReference,EmailAddress,IPAddress,Status,StartDate,EndDate,Finished,Este estudio investiga la relación entre el lenguaje y la percepción. Vas a escuchar unos archivo...,En la siguiente pantalla encontrarás dos archivos de audio.   Escucha ambos audios y responde a l...,"Primero:   Segundo:   Cuál suena más 'blando', el primero o el segundo?","Primero:   Segundo:    Cuál suena más 'blando', el primero o el segundo? ","Primero:   Segundo:   Cuál suena más 'blando', el primero o el segundo?","Primero:   Segundo:   Cuál suena más 'blando', el primero o el segundo?","Primero:   Segundo:   Cuál suena más 'blando', el primero o el segundo?","Primero:   Segundo:   Cuál suena más 'blando', el primero o el segundo?","Primero:   Segundo:   Cuál suena más 'blando', el primero o el segundo?","Primero:   Segundo:   Cuál suena más 'blando', el primero o el segundo?","Primero:   Segundo:   Cuál suena más 'blando', el primero o el segundo?","Primero:   Segundo:   Cuál suena más 'blando', el primero o el segundo?","Primero:   Segundo:   Cuál suena más 'blando', el primero o el segundo?","Primero:   Segundo:   Cuál suena más 'blando', el primero o el segundo?","Primero:   Segundo:   Cuál suena más 'blando', el primero o el segundo?","Primero:   Segundo:   Cuál suena más 'blando', el primero o el segundo?","Primero:   Segundo:   Cuál suena más 'blando', el primero o el segundo?","Primero:   Segundo:   Cuál suena más 'blando', el primero o el segundo?","Primero:   Segundo:   Cuál suena más 'duro', el primero o el segundo?","Primero:   Segundo:   Cuál suena más 'duro', el primero o el segundo?","Primero:   Segundo:   Cuál suena más 'duro', el primero o el segundo?","Primero:   Segundo:   Cuál suena más 'duro', el primero o el segundo?","Primero:   Segundo:   Cuál suena más 'duro', el primero o el segundo?","Primero:   Segundo:   Cuál suena más 'duro', el primero o el segundo?","Primero:   Segundo:   Cuál suena más 'duro', el primero o el segundo?","Primero:   Segundo:   Cuál suena más 'duro', el primero o el segundo?","Primero:   Segundo:   Cuál suena más 'duro', el primero o el segundo?","Primero:   Segundo:   Cuál suena más 'duro', el primero o el segundo?","Primero:   Segundo:   Cuál suena más 'duro', el primero o el segundo?","Primero:   Segundo:   Cuál suena más 'duro', el primero o el segundo?","Primero:   Segundo:   Cuál suena más 'duro', el primero o el segundo?","Primero:   Segundo:   Cuál suena más 'duro', el primero o el segundo?","Primero:   Segundo:   Cuál suena más 'duro', el primero o el segundo?","Primero:   Segundo:    Cuál suena más 'duro', el primero o el segundo? ",¿Tienes algún tipo de idea sobre lo que puede haber influido tus respuestas? ¿Qué te hizo selecci...,¿Has podido escuchar ambos audios?,¿Has escuchado los audios varias veces?,¿Cuál es tu edad?,¿Cuál es tu género?,¿Eres diestro/a o zurdo/a?,Cuál es tu lengua materna o lenguas maternas? Tu lengua materna es la que se hablabas en casa cua...,"¿Hablas coreano? De ser así, ¿cuál es tu nivel? Si no hablas coreano, seleccciona “ninguno”.",¿Has comido alguna vez en un restaurante coreano?,"¿Has probado alguna vez Soju, el licor coreano?",¿Tienes algún amigo/a coreano/a?,"¿Con qué frecuencia ves o escuchas música pop, teatro, películas o programas de televisión de Cor...",¿Alguna vez has visitado o vivido en Corea?,Muchas gracias por tu participación!!!,LocationLatitude,LocationLongitude,LocationAccuracy,
R_3sghfmS63ITb0U0,Default Response Set,Anonymous,,,68.65.165.68,0,2019-04-26 09:46:22,2019-04-26 09:54:13,1,1,1,,,,,,,,,,,,,,,,,Primero,Segundo,,,,,,,,,,,,,,,Supongo que el énfasis combinado con la duración. Los sonidos más prolongados sonaban un poco más suaves. Los sonidos más duros sonaban más abruptos y cortos.,Sí,No,32,femenino,diestro/a,"Español (peninsular), catalán y francés.",Ninguno,Quizás,No,Sí,Nunca,Nunca,1,37.423599243164,-122.16189575195,-1,
R_2CTWtJteezOF4Pa,Default Response Set,Anonymous,,,94.73.36.79,0,2019-04-26 10:20:52,2019-04-26 10:22:48,1,1,1,,,,,,,,,,,,,,,,,,,,,Primero,Primero,,,,,,,,,,,No sé.,Sí,No,31,femenino,diestro/a,Español,Ninguno,Sí,No,No,Nunca,Nunca,1,40.414306640625,-3.7015991210938,-1,
R_0HBH21k14GYmDqF,Default Response Set,Anonymous,,,94.73.41.230,0,2019-04-26 10:39:13,2019-04-26 10:43:42,1,1,1,,,,,,,,,,,Primero,Segundo,,,,,,,,,,,,,,,,,,,,,El duro es porque me resulta más punzante al oído,Sí,No,65,femenino,diestro/a,Español,Ninguno,Sí,Quizás,No,Nunca,Nunca,1,40.414306640625,-3.7015991210938,-1,
R_31GwoFCPWHNZ468,Default Response Set,Anonymous,,,83.63.9.89,0,2019-04-26 11:22:02,2019-04-26 11:24:22,1,1,1,,,,,,,,,,,,,,,,,,,,,,,Segundo,Primero,,,,,,,,,El sonido más duro es el más grave para mí.,Sí,No,32,femenino,zurdo/a,Castellano,Ninguno,Sí,No,No,Nunca,Nunca,1,42.440200805664,-2.9535980224609,-1,
R_1gNhuBXUUso1m4s,Default Response Set,Anonymous,,,62.101.186.96,0,2019-04-26 12:05:31,2019-04-26 12:10:03,1,1,1,,,Segundo,Primero,,,,,,,,,,,,,,,,,,,,,,,,,,,,,Menor oclusión y mayor exhalación hace que los sonidos se perciban más blandos.,Sí,Sí,38,masculino,diestro/a,castellano,Ninguno,No,No,No,Nunca,Nunca,1,42.466705322266,-2.4499969482422,-1,
R_9HN0fM11BvyNp6h,Default Response Set,Anonymous,,,95.61.138.147,0,2019-04-26 13:18:14,2019-04-26 13:21:59,1,1,1,,,,,,,,,,,,,,,,,,,,,,,,,,,,,,,Primero,Primero,La prolongación en el tiempo del segundo.,Sí,Sí,62,femenino,diestro/a,Español,Ninguno,No,No,No,Nunca,Nunca,1,42.823806762695,-1.7048950195312,-1,
R_0VP8t6TMrL9oVZ7,Default Response Set,Anonymous,,,77.101.212.134,0,2019-04-26 16:39:02,2019-04-26 16:45:21,1,1,1,,,,,,,,,,,,,,,Segundo,Primero,,,,,,,,,,,,,,,,,Blando se refiere a un sonido menos intenso y menos estringente ,Sí,Sí,31,femenino,diestro/a,Español peninsular y catalán,Ninguno,Sí,Sí,No,Ocasionalmente,Nunca,1,55.942901611328,-3.2850036621094,-1,
R_RxDxlPJWjrxAtYl,Default Response Set,Anonymous,,,176.83.22.84,0,2019-04-27 01:59:47,2019-04-27 02:05:13,1,1,1,,,,,,,,,,,,,,,,,,,,,,,,,,,,,,,Segundo,Primero,No sé explicar qué ha podido influir.,Sí,No,69,femenino,diestro/a,Español,Ninguno,No,No,Quizás,Nunca,Nunca,1,40.414306640625,-3.7015991210938,-1,
R_ULox4R9cshTbK6Z,Default Response Set,Anonymous,,,83.49.77.59,0,2019-04-27 02:13:15,2019-04-27 02:15:39,1,1,1,,,,,,,,,,,,,,,,,Primero,Segundo,,,,,,,,,,,,,,,Intensidad del sonido,Sí,No,32,femenino,diestro/a,Castellano,Ninguno,Quizás,No,No,Nunca,Nunca,1,41.389099121094,2.1611022949219,-1,
R_p3oTw7ovZZ9o0Pn,Default Response Set,Anonymous,,,62.57.208.197,0,2019-04-27 03:26:27,2019-04-27 03:30:21,1,1,1,,,,,,,,,Primero,Segundo,,,,,,,,,,,,,,,,,,,,,,,"Los suenan con la vocal ""a"" suenan mas blandos, mientras que los que suenan con la ""e"" parecen mas duros.",Sí,No,41,masculino,diestro/a,castellano,Ninguno,No,No,No,Muy pocas veces,Nunca,1,42.466705322266,-2.4499969482422,-1,
R_2SuTJq3bAuyJ3bd,Default Response Set,Anonymous,,,176.199.209.50,0,2019-04-27 04:57:33,2019-04-27 05:00:17,1,1,1,,,,,,,,,,,,,,,Segundo,Segundo,,,,,,,,,,,,,,,,,La explosión al principio del audio me hace sentirlo más agresivo que al final del mismo.,Sí,Sí,36,femenino,diestro/a,Español,Ninguno,Sí,Sí,Sí,Regularmente,Nunca,1,50.116195678711,8.6365051269531,-1,
R_5hc9LJ5D5JyTaff,Default Response Set,Anonymous,,,94.197.121.4,0,2019-04-27 05:20:25,2019-04-27 05:28:15,1,1,1,,,,,,,,,,,Primero,Segundo,,,,,,,,,,,,,,,,,,,,,"El grado de aspiracion es diferente en ambos, la respiracion al terminar, ",Sí,Sí,34,masculino,diestro/a,Castellano,Ninguno,Sí,Sí,No,Nunca,Visitas cortas,1,51.516403198242,-0.093002319335938,-1,
R_2YtCzkwPwUMgf2M,Default Response Set,Anonymous,,,77.100.108.109,0,2019-04-27 10:05:05,2019-04-27 10:07:20,1,1,1,,,,,,,,,,,,,,,,,,,,,Segundo,Primero,,,,,,,,,,,Uno me parece más fuerte que otro,Sí,No,34,femenino,zurdo/a,Español,Ninguno,No,No,No,Nunca,Nunca,1,51.34880065918,-0.0321044921875,-1,
R_12QKbmopkE8QJjO,Default Response Set,Anonymous,,,176.123.41.181,0,2019-04-27 12:00:39,2019-04-27 12:04:43,1,1,1,Segundo,Segundo,,,,,,,,,,,,,,,,,,,,,,,,,,,,,,,"Creo que ha sonada con menor intensidad y quizás el volumen era algo más bajo. Por lo menos, esta ha sido mi perceción.",Sí,Sí,49,femenino,diestro/a,ruso,Ninguno,No,No,No,Nunca,Nunca,1,53.35139465332,-2.4537963867188,-1,
R_2QM9QgnsYI1g8xd,Default Response Set,Anonymous,,,188.79.159.58,0,2019-04-27 12:36:40,2019-04-27 12:40:16,1,1,1,,,,,,,,,,,,,,,,,,,,,,,Segundo,Primero,,,,,,,,,Duro=más desagradable.,Sí,Sí,37,masculino,diestro/a,Español,Ninguno,No,Quizás,No,Nunca,Nunca,1,42.466705322266,-2.4499969482422,-1,
R_SBqSvjBQL2JJZ6h,Default Response Set,Anonymous,,,85.219.15.67,0,2019-04-27 13:30:37,2019-04-27 13:37:58,1,1,1,,,,,,,,,,,,,,,,,,,,,,,,,,,Primero,Segundo,,,,,No lo sé,Sí,Sí,62,femenino,diestro/a,Español,Ninguno,No,No,No,Nunca,Nunca,1,42.466705322266,-2.4499969482422,-1,
R_1BWoHWrmDnDQm1T,Default Response Set,Anonymous,,,83.56.237.47,0,2019-04-28 08:53:21,2019-04-28 08:55:01,1,1,1,,,,,,,,,,,,,,,,,,,,,,,,,Segundo,Segundo,,,,,,,No lo sé.,Sí,No,47,masculino,diestro/a,Español,Ninguno,Sí,No,No,Muy pocas veces,Nunca,1,43.2626953125,-2.92529296875,-1,
R_2fiJTUJnrN9NVnp,Default Response Set,Anonymous,,,193.153.249.49,0,2019-04-28 12:49:42,2019-04-28 13:00:49,1,1,1,,,Primero,Primero,,,,,,,,,,,,,,,,,,,,,,,,,,,,,No sé lo que puede haber influido.El timbre de cada uno me sirvió para seleccionarlo. He detectado una emisión más explosiva o menos explosiva.,Sí,No,69 ,femenino,diestro/a,El español,Ninguno,No,No,No,Nunca,Nunca,1,42.466705322266,-2.4499969482422,-1,
R_3MoFjxd74IAWpKO,Default Response Set,Anonymous,,,189.55.6.147,0,2019-04-26 14:48:34,2019-04-28 15:43:06,1,1,1,,,,,,,,,,,,,,,,,,,,,,,,,,,Primero,Primero,,,,,"La parte inicial del sonido fue la que me hizo definir si era más o menos ""duro""",Sí,Sí,34,femenino,diestro/a,Española,Ninguno,No,No,No,Nunca,Nunca,1,-22.611297607422,-47.38020324707,-1,
R_20MqRXwF6GOTwLw,Default Response Set,Anonymous,,,138.100.13.87,0,2019-04-30 10:11:22,2019-04-30 10:14:55,1,1,1,,,,,,,,,,,,,,,,,,,,,,,,,,,,,Primero,Segundo,,,En el primero la intensidad del sonido /  / En el segundo la duración junto a la prolongación de la 'u',Sí,No,28,masculino,diestro/a,Español,Ninguno,Sí,Sí,No,Nunca,Nunca,1,40.417098999023,-3.6838989257812,-1,
R_0cXHxFTsIws99QJ,Default Response Set,Anonymous,,,82.199.42.237,0,2019-04-30 10:12:30,2019-04-30 10:17:31,1,1,1,,,Segundo,Segundo,,,,,,,,,,,,,,,,,,,,,,,,,,,,,La verdad es que la dualidad blando-duro no me ha resultado pertinente. La elección ha sido totalmente irracional y forzada por la necesidad de elegir uno de los dos sonidos. ,Sí,Sí,45,femenino,diestro/a,Castellano,Ninguno,Sí,Sí,No,Nunca,Estancias inferiores a 5 años,1,42.466705322266,-2.4499969482422,-1,
R_rcdPHZMA8FcOXqp,Default Response Set,Anonymous,,,138.4.228.157,0,2019-04-30 10:17:16,2019-04-30 10:19:54,1,1,1,,,,,,,,,,,,,,,,,,,,,,,Segundo,Primero,,,,,,,,,"Me parece más blanco el sonido de la ""s"" o ""sh"" y más duro el que parece ""k"".",Sí,No,35,femenino,diestro/a,castellano,Ninguno,Sí,Quizás,No,Nunca,Nunca,1,40.417098999023,-3.6838989257812,-1,
R_333g2jVruKKAbFN,Default Response Set,Anonymous,,,83.55.113.111,0,2019-04-30 10:29:02,2019-04-30 10:32:26,1,1,1,,,,,,,,,,,,,,,,,,,,,,,,,,,,,Segundo,Segundo,,,"En el primero no sabría identificar el motivo, pero en el segundo es un sonido de A abierta que sí me ha parecido más fuerte que en el otro audio, donde no he identificado nada que resaltase",Sí,No,48,femenino,ambidiestro/a,español,Ninguno,No,No,No,Ocasionalmente,Nunca,1,40.414306640625,-3.7015991210938,-1,
R_1g0GXsaWxG8HwE4,Default Response Set,Anonymous,,,31.4.245.2,0,2019-04-30 10:40:42,2019-04-30 10:42:49,1,1,1,Segundo,Segundo,,,,,,,,,,,,,,,,,,,,,,,,,,,,,,,"El sonido ""k"" que parece que choca.",Sí,No,33,femenino,diestro/a,español,Ninguno,No,No,Sí,Nunca,Nunca,1,40.414306640625,-3.7015991210938,-1,
R_3jTXlnZkUO7rm8U,Default Response Set,Anonymous,,,193.152.143.203,0,2019-04-30 10:36:10,2019-04-30 10:43:42,1,1,1,,,,,,,Segundo,Primero,,,,,,,,,,,,,,,,,,,,,,,,,no,Sí,No,22,femenino,diestro/a,español,Ninguno,Sí,No,No,Nunca,Nunca,1,40.414306640625,-3.7015991210938,-1,
R_3MGp9Daf3LoZE5q,Default Response Set,Anonymous,,,138.100.15.148,0,2019-04-30 10:41:47,2019-04-30 10:44:32,1,1,1,,,,,,,,,,,,,,,,,,,,,,,,,,,Segundo,Segundo,,,,,"El primero me ha parecido un sonido más suave, el segundo más fuerte y más rápido",Sí,Sí,25,femenino,diestro/a,Español,Ninguno,No,No,No,Nunca,Nunca,1,40.417098999023,-3.6838989257812,-1,
R_3PGMvv8KRtVFY4o,Default Response Set,Anonymous,,,78.30.7.98,0,2019-04-30 10:43:27,2019-04-30 10:45:38,1,1,1,,,,,,,,,,,,,,,,,,,,,,,,,Segundo,Segundo,,,,,,,En ambos casos he identificado el sonido duro con el que me ha parecido más brusco y cortante,Sí,No,32,masculino,zurdo/a,Español,Ninguno,Sí,No,No,Nunca,Nunca,1,40.414306640625,-3.7015991210938,-1,
R_UxXrceDox1nmdCp,Default Response Set,Anonymous,,,138.100.13.6,0,2019-04-30 11:06:33,2019-04-30 11:08:38,1,1,1,,,,,,,,,,,Primero,Segundo,,,,,,,,,,,,,,,,,,,,,"El aspecto más importante era que el sonido nunca superara un pico de x decibelios derepente  (o eso creo), a partir de cierta intensidad, por muy ""flojo"" que pueda ser el tono si es muy alto lo asocio con algo duro. ",Sí,No,21,masculino,diestro/a,Español,Ninguno,No,Quizás,No,Nunca,Nunca,1,40.417098999023,-3.6838989257812,-1,
R_25BCPUOTzw3OnBG,Default Response Set,Anonymous,,,80.103.137.166,0,2019-04-30 11:14:29,2019-04-30 11:16:47,1,1,1,,,,,,,,,,,,,,,,,Primero,Primero,,,,,,,,,,,,,,,El alargamiento de la detonación final hace que parezcan más duro el primero ,Sí,No,36,masculino,diestro/a,Castellano,Ninguno,Quizás,No,No,Nunca,Nunca,1,41.656097412109,-0.87730407714844,-1,
R_2QyotBQON0f0Nyb,Default Response Set,Anonymous,,,37.10.145.26,0,2019-04-30 11:16:01,2019-04-30 11:21:23,1,1,1,,,,,,,,,,,,,,,,,,,Primero,Primero,,,,,,,,,,,,,"El sonido que se ""disipa"". Y el orden de escucha, te acostumbras a que empiece fuerte y el segundo no choca tanto",Sí,No,23,masculino,diestro/a,Español,Ninguno,Quizás,No,No,Muy pocas veces,Nunca,1,40.414306640625,-3.7015991210938,-1,
R_1gItbNbf1Hc14iG,Default Response Set,Anonymous,,,213.37.238.88,0,2019-04-30 11:35:14,2019-04-30 11:38:44,1,1,1,,,,,Segundo,Primero,,,,,,,,,,,,,,,,,,,,,,,,,,,intuición auditiva básicamente ,Sí,No,55,femenino,diestro/a,castellano,Ninguno,Sí,No,No,Nunca,Nunca,1,40.414306640625,-3.7015991210938,-1,
R_241LeZSW96DSF90,Default Response Set,Anonymous,,,176.83.23.197,0,2019-04-30 11:56:54,2019-04-30 11:58:44,1,1,1,,,,,,,,,,,,,,,Segundo,Segundo,,,,,,,,,,,,,,,,,Blando lo identificó como que no es un sonido fuerte,Sí,No,21,femenino,diestro/a,Español,Ninguno,Sí,No,No,Nunca,Nunca,1,40.414306640625,-3.7015991210938,-1,
R_3noaWHr3KhGhZBv,Default Response Set,Anonymous,,,83.33.198.97,0,2019-04-30 12:12:31,2019-04-30 12:15:48,1,1,1,,,,,,,,,,,,,,,,,,,,,,,,,,,,,,,Primero,Primero,Sobre todo la agudeza o gravedad del mismo,Sí,No,55,masculino,diestro/a,español,Ninguno,No,No,No,Nunca,Nunca,1,40.414306640625,-3.7015991210938,-1,
R_12gtXi8vOIC0S3A,Default Response Set,Anonymous,,,37.11.132.127,0,2019-04-30 12:23:05,2019-04-30 12:26:13,1,1,1,,,,,,,,,,,,,,,,,,,,,Primero,Segundo,,,,,,,,,,,"He relacionado ""duro"" con ""fuerte"" o ""intenso""",Sí,Sí,43,masculino,diestro/a,Español,Ninguno,No,No,No,Nunca,Nunca,1,36.13330078125,-5.4505004882812,-1,
R_BQUbwNBSrFmSaRj,Default Response Set,Anonymous,,,90.77.222.62,0,2019-04-30 12:23:33,2019-04-30 12:27:59,1,1,1,,,,,,,,,Primero,Segundo,,,,,,,,,,,,,,,,,,,,,,,"creo que mi elección tiene que ver con el sonido ""K"" ",Sí,No,52,femenino,diestro/a,Español,Ninguno,No,No,No,Muy pocas veces,Nunca,1,42.466705322266,-2.4499969482422,-1,
R_tFdKBzH6u7nC2D7,Default Response Set,Anonymous,,,90.206.164.6,0,2019-04-30 14:10:45,2019-04-30 14:13:16,1,1,1,,,,,,,,,Primero,Segundo,,,,,,,,,,,,,,,,,,,,,,,"Ha sido totalmente intuitivo, no tengo ni idea",Sí,No,39,femenino,diestro/a,"Catalán, español",Ninguno,Quizás,No,No,Nunca,Nunca,1,52.585296630859,-1.9839935302734,-1,
R_238mXglhxWUKbCp,Default Response Set,Anonymous,,,188.77.48.190,0,2019-04-30 14:35:43,2019-04-30 14:38:43,1,1,1,,,,,,,,,,,,,,,,,,,,,,,,,Primero,Segundo,,,,,,,La respuesta tienen que ver con el volumen y la explosividad que he percibido al escuchar los sonidos. ,Sí,No,46,masculino,zurdo/a,Español ,Ninguno,No,No,No,Nunca,Nunca,1,42.466705322266,-2.4499969482422,-1,
R_3irohjVRQr0gWYi,Default Response Set,Anonymous,,,189.141.22.192,0,2019-04-30 14:48:19,2019-04-30 14:51:07,1,1,1,,,,,,,Segundo,Segundo,,,,,,,,,,,,,,,,,,,,,,,,,"El tono, entre más bajo lo considero más blando.",Sí,No,33 años,femenino,diestro/a,Español,Ninguno,Sí,No,No,Nunca,Nunca,1,20.759399414062,-100.43240356445,-1,
R_2y1HSh8CRkCcq4z,Default Response Set,Anonymous,,,64.9.239.166,0,2019-04-30 15:15:45,2019-04-30 15:18:24,1,1,1,Segundo,Segundo,,,,,,,,,,,,,,,,,,,,,,,,,,,,,,,"El segundo sonido tiene un amago de vocal al final, por eso parecía que fuera blando.",Sí,No,44,femenino,zurdo/a,Español,Ninguno,Sí,No,Sí,Muy pocas veces,Nunca,1,37.751007080078,-97.821998596191,-1,
R_25MUcrSBwCMs9Pv,Default Response Set,Anonymous,,,5.224.42.41,0,2019-04-30 15:57:09,2019-04-30 16:02:38,1,1,1,,,,,,,,,,,Primero,Segundo,,,,,,,,,,,,,,,,,,,,,Dentalización en el primer caso y fricatización en el segundo. Esos aspectos han influido en considerarlos más “blandos”. Al escucharlo una sola vez esta respuesta es pura intuición ,Sí,No,39,masculino,diestro/a,Español- sí ,Ninguno,Quizás,No,No,Nunca,Nunca,1,37.8916015625,-4.772705078125,-1,
R_3p3xXlkNhaX9HLQ,Default Response Set,Anonymous,,,85.53.89.111,0,2019-04-30 16:10:23,2019-04-30 16:12:59,1,1,1,,,,,,,,,,,,,,,,,,,,,,,,,,,,,,,Primero,Primero,Quizás me han parecido menos duros los que alargan un pelín más el sonido,Sí,No,36,femenino,diestro/a,Castellano,Ninguno,No,No,No,Nunca,Nunca,1,40.414306640625,-3.7015991210938,-1,
R_6yDN1VQwihjqfXr,Default Response Set,Anonymous,,,2.155.136.195,0,2019-04-30 16:26:17,2019-04-30 16:29:14,1,1,1,,,,,,,,,,,,,,,,,,,,,,,,,,,,,Primero,Primero,,,"Lo que se marca el sonido k y lo lejos que esté del principio de la pista. A más cerca del inicio de la ""palabra"" más duro me suena ",Sí,Sí,35,masculino,zurdo/a,Castellano y Valenciano (Catalán Occidental) ,Ninguno,Sí,No,No,Nunca,Nunca,1,39.470504760742,-0.37649536132812,-1,
R_2PBjBqEbwvHe49S,Default Response Set,Anonymous,,,2.121.28.142,0,2019-04-30 16:27:31,2019-04-30 16:29:18,1,1,1,,,Segundo,Segundo,,,,,,,,,,,,,,,,,,,,,,,,,,,,,"Tal vez los segundos suenan más dispersos, más espaciados, con menor intensidad.",Sí,No,34,masculino,diestro/a,"Español, Inglés, Francés.",Ninguno,Sí,Sí,Sí,Muy pocas veces,Nunca,1,55.934097290039,-3.4712982177734,-1,
R_1GOGh3qo3IYXjbt,Default Response Set,Anonymous,,,213.138.50.11,0,2019-04-30 16:27:20,2019-04-30 16:30:59,1,1,1,,,,,,,,,,,,,,,,,,,Primero,Primero,,,,,,,,,,,,,"Me he imaginado a una persona haciendo esos sonidos con la boca. Las opciones que he marcado como más ""blandas"" me sobresaltaban menos.",Sí,Sí,23,femenino,diestro/a,Español,Ninguno,Quizás,No,No,Nunca,Nunca,1,49.000701904297,12.073394775391,-1,
R_6VTaccp8LUiQS9r,Default Response Set,Anonymous,,,95.127.48.226,0,2019-04-30 16:33:42,2019-04-30 16:36:14,1,1,1,,,,,,,,,,,,,,,Primero,Segundo,,,,,,,,,,,,,,,,,Voz femenina = blando,Sí,No,50,femenino,diestro/a,Castellano,Ninguno,No,No,No,Nunca,Nunca,1,40.417205810547,-3.6840057373047,-1,
R_1l3M2vHerG0cIs6,Default Response Set,Anonymous,,,87.223.118.104,0,2019-04-30 16:35:16,2019-04-30 16:38:24,1,1,1,,,,,,,,,,,,,,,,,,,,,,,,,,,Primero,Segundo,,,,,"Pues no tengo ni idea, la verdad. ",Sí,Sí,31,masculino,diestro/a,Español,Ninguno,Quizás,No,No,Muy pocas veces,Nunca,1,40.417205810547,-3.6840057373047,-1,
R_ugC3UbUWdPuFxCN,Default Response Set,Anonymous,,,190.233.37.133,0,2019-04-30 18:22:55,2019-04-30 18:25:29,1,1,1,,,,,,,,,,,Primero,Segundo,,,,,,,,,,,,,,,,,,,,,La fuerza en que se pronunció,Sí,Sí,16,otro,diestro/a,español,Ninguno,No,No,No,Regularmente,Nunca,1,-12.046401977539,-77.04280090332,-1,
R_qEfD5OwES0pLxhD,Default Response Set,Anonymous,,,79.154.241.156,0,2019-04-30 18:25:41,2019-04-30 18:28:18,1,1,1,,,,,,,,,,,,,,,,,Primero,Segundo,,,,,,,,,,,,,,,"Creo que considero un sonido más ""duro"" un sonido más repentino, más abrupto, que baje de intensidad más repentinamente en lugar de los que lo hacen poco a poco desvaneciéndose",Sí,Sí,24,masculino,diestro/a,Castellano,Ninguno,Sí,No,Sí,Muy pocas veces,Nunca,1,40.414306640625,-3.7015991210938,-1,
R_RhmMtlj1gWPaaFH,Default Response Set,Anonymous,,,194.187.191.35,0,2019-04-30 18:38:26,2019-04-30 18:42:03,1,1,1,,,,,,,,,,,,,,,,,,,,,,,Segundo,Primero,,,,,,,,,"Mi resultado lo basaba en la solidez del sonido, lo compacto que me resultaba y una sensación de cortante que resultaba",Sí,No,24,masculino,diestro/a,Español,Ninguno,No,No,No,Muy pocas veces,Nunca,1,38.179092407227,-1.3746948242188,-1,
R_33j1aw8VRtS3Ccp,Default Response Set,Anonymous,,,47.60.49.61,0,2019-04-30 18:43:39,2019-04-30 18:49:48,1,1,1,Segundo,Segundo,,,,,,,,,,,,,,,,,,,,,,,,,,,,,,,"creo que la respuesta se ha basado en lo estridente, la intensidad y la fluided del mismo.  Más  haya tampoco comprendo que ha motivado la respuesta. ",Sí,Sí,26,masculino,diestro/a,gallego y castellano.,Ninguno,No,No,No,Nunca,Nunca,1,39.470504760742,-0.37649536132812,-1,
R_3qBCBJ9ite61aap,Default Response Set,Anonymous,,,66.44.4.240,0,2019-04-30 22:05:46,2019-04-30 22:12:19,1,1,1,,,,,,,,,,,,,,,,,,,Primero,Segundo,,,,,,,,,,,,,"Sé lo suficiente de fonética para saber que los sonidos que yo definiría como duros se deberían llamar blandos, pero traté de contestar según los definiría yo. En general, creo que las consonantes oculsivas me parecen más ""duras"".",Sí,No,28,otro,diestro/a,Inglés y español,Ninguno,Sí,Sí,Sí,Nunca,Nunca,1,38.952194213867,-77.025299072266,-1,
R_2WOnpIn5QHMgCCh,Default Response Set,Anonymous,,,95.192.169.157,0,2019-04-30 23:41:16,2019-04-30 23:46:05,1,1,1,,,,,,,,,,,,,,,,,,,,,,,,,,,,,Primero,Primero,,,La fuerza en todos los aparatos necesarios para la producción del sonido,Sí,No,49,femenino,diestro/a,Castellano,Ninguno,No,No,No,Nunca,Nunca,1,59.25,17.783294677734,-1,
R_25yojIV3auYnNst,Default Response Set,Anonymous,,,213.37.179.127,0,2019-05-01 00:08:48,2019-05-01 00:12:11,1,1,1,,,,,Segundo,Primero,,,,,,,,,,,,,,,,,,,,,,,,,,,"El volumen (menos volumen más blando) y la duración (más largo, más blando) ",Sí,No,44,femenino,zurdo/a,Español ,Ninguno,Sí,No,No,Nunca,Nunca,1,40.547500610352,-3.6419982910156,-1,
R_3mlcMNnKzYqnQVy,Default Response Set,Anonymous,,,213.37.99.5,0,2019-05-01 01:47:43,2019-05-01 01:50:01,1,1,1,,,,,,,Primero,Primero,,,,,,,,,,,,,,,,,,,,,,,,,El principio era más explosivo.,Sí,No,37,femenino,diestro/a,Español,Ninguno,Sí,No,No,Nunca,Nunca,1,40.414306640625,-3.7015991210938,-1,
R_uzfLxUfixa3yl3P,Default Response Set,Anonymous,,,83.52.79.212,0,2019-05-01 01:45:41,2019-05-01 01:50:38,1,1,1,,,,,,,,,,,,,,,,,,,,,Segundo,Primero,,,,,,,,,,,"Sonidos como /k/ me suenan más duros que otros como /t/. La aspiración junto a /k/ me resulta aún más dura. La aspiración junto a /t/, em cambio, lo suaviza. ",Sí,No,34,masculino,diestro/a,"Castellano, gallego",Ninguno,Sí,Quizás,No,Muy pocas veces,Nunca,1,40.414306640625,-3.7015991210938,-1,
R_29aYgDzIVRwNYEo,Default Response Set,Anonymous,,,83.47.44.166,0,2019-05-01 02:13:30,2019-05-01 02:15:24,1,1,1,,,,,,,,,Segundo,Segundo,,,,,,,,,,,,,,,,,,,,,,,La intensidad del sonido.,Sí,Sí,25,femenino,diestro/a,Castellano,Ninguno,Sí,No,No,Nunca,Nunca,1,42.00959777832,-4.5240936279297,-1,
R_3NRsJkks7364U4u,Default Response Set,Anonymous,,,78.30.25.251,0,2019-05-01 02:25:57,2019-05-01 02:30:10,1,1,1,,,,,,,,,,,,,,,,,,,,,,,,,Segundo,Segundo,,,,,,,"El que catalogo como ""duro"" me parece que suena con más fuerza, con más volumen",Sí,No,36,femenino,diestro/a,Castellano,Ninguno,Quizás,No,No,Nunca,Nunca,1,40.417205810547,-3.6840057373047,-1,
R_3HuhgV3o960UN7C,Default Response Set,Anonymous,,,91.116.64.161,0,2019-04-30 17:44:56,2019-04-30 17:45:32,0,1,1,,,,,,,,,,,,,,,,,,,,,,,,,,,,,,,Segundo,,,,,,,,,,,,,,,,,,-1,
R_3m2KMWh0kaGuYxn,Default Response Set,Anonymous,,,37.223.4.199,0,2019-04-30 16:50:35,2019-04-30 16:51:24,0,1,1,,,,,Primero,Primero,,,,,,,,,,,,,,,,,,,,,,,,,,,,,,,,,,,,,,,,,,,-1,
R_1N2evzLenD1rvvR,Default Response Set,Anonymous,,,85.85.171.184,0,2019-04-30 16:28:51,2019-04-30 16:29:56,0,1,1,,,,,,,,,,,,,,,,,,,,,Segundo,Primero,,,,,,,,,,,Manera inicia sonido,Sí,Sí,,,,,,,,,,,,,,-1,
R_2Y4dYzpDS9EUnWy,Default Response Set,Anonymous,,,88.14.185.230,0,2019-04-30 16:12:57,2019-04-30 16:13:21,0,1,1,,,,,,,,,,,,,,,,,,,,,,,,,,,,,,,,,,,,,,,,,,,,,,,,,-1,
R_1rMp7Nh6NXJKWb6,Default Response Set,Anonymous,,,201.217.80.222,0,2019-04-30 19:31:43,2019-04-30 19:33:23,0,1,1,,,Primero,Segundo,,,,,,,,,,,,,,,,,,,,,,,,,,,,,,,,,,,,,,,,,,,,,-1,
R_2QuISwvouIk72QM,Default Response Set,Anonymous,,,174.254.64.98,0,2019-04-30 19:06:46,2019-04-30 19:06:55,0,1,,,,,,,,,,,,,,,,,,,,,,,,,,,,,,,,,,,,,,,,,,,,,,,,,,-1,
R_3fI5yKXlZgrj8K6,Default Response Set,Anonymous,,,76.111.169.162,0,2019-04-30 17:52:10,2019-04-30 17:52:19,0,1,1,,,,,,,,,,,,,,,,,,,,,,,,,,,,,,,,,,,,,,,,,,,,,,,,,-1,
R_sZ5vLNqmPVDJrGx,Default Response Set,Anonymous,,,31.177.53.208,0,2019-04-30 15:30:01,2019-04-30 15:34:19,0,1,1,,,,,,,,,,,,,,,,,Primero,Primero,,,,,,,,,,,,,,,En el primer caso el primer sonido suena a pedrada y el segundo chasquido hecho con la boca. En el segundo caso me suenan igual. Es un chasquido,Sí,No,39,masculino,diestro/a,Español,Ninguno,No,No,No,Muy pocas veces,Nunca,,,,-1,
R_6GwQg1X3puWZz8J,Default Response Set,Anonymous,,,89.64.61.167,0,2019-04-30 12:57:23,2019-04-30 12:57:31,0,1,1,,,,,,,,,,,,,,,,,,,,,,,,,,,,,,,,,,,,,,,,,,,,,,,,,-1,
R_29c9J0fdRtgZeDD,Default Response Set,Anonymous,,,137.101.71.96,0,2019-04-27 00:08:29,2019-04-27 00:09:37,0,1,1,,,,,Primero,,,,,,,,,,,,,,,,,,,,,,,,,,,,,,,,,,,,,,,,,,,,-1,
R_3JmCB7QLbsT0tg9,Default Response Set,Anonymous,,,37.15.186.55,0,2019-04-26 17:17:31,2019-04-27 03:49:31,0,1,1,,,,,,,,,,,,,,,,,,,,,,,,,,,,,Primero,,,,,,,,,,,,,,,,,,,,-1,
R_1f1m6qoGQYUkaiS,Default Response Set,Anonymous,,,37.10.157.74,0,2019-04-26 14:11:31,2019-04-26 14:11:55,0,1,1,,,,,,,,,,,,,,,,,,,,,,,,,,,,,,,,,,,,,,,,,,,,,,,,,-1,
R_1onJ7OqHTDUZF2z,Default Response Set,Anonymous,,,46.136.208.27,0,2019-04-26 13:30:59,2019-04-26 13:38:33,0,1,1,,,,,,,,,,,,,Segundo,Primero,,,,,,,,,,,,,,,,,,,En el primer par de sonidos el segundo es más prolongado. / En el segundo par de sonidos el primero es claramente más suave,Sí,Sí,63,masculino,ambidiestro/a,"Español, sí y no",Ninguno,No,No,No,Nunca,Nunca,,,,-1,
R_3j7dOX5KoCnKFZd,Default Response Set,Anonymous,,,37.11.27.216,0,2019-04-26 13:20:12,2019-04-26 13:20:19,0,1,,,,,,,,,,,,,,,,,,,,,,,,,,,,,,,,,,,,,,,,,,,,,,,,,,-1,
R_3foUV0PEIvUhQQm,Default Response Set,Anonymous,,,2.142.55.161,0,2019-04-26 11:15:43,2019-04-26 11:18:07,0,1,1,,,,,,,,,Segundo,Segundo,,,,,,,,,,,,,,,,,,,,,,,La duración y el impacto de la primera vez,Sí,No,31,femenino,diestro/a,Español,Ninguno,No,No,Sí,Nunca,Nunca,,,,-1,
R_9EwygsCUGzJame5,Default Response Set,Anonymous,,,85.56.89.96,0,2019-04-30 10:28:33,2019-04-30 10:53:16,0,1,1,,,,,,,,,,,,,Segundo,Primero,,,,,,,,,,,,,,,,,,,,,,,,,,,,,,,,,,,-1,
R_3JCvW81paERsJPM,Default Response Set,Anonymous,,,217.216.220.217,0,2019-04-27 16:18:52,2019-04-27 16:20:15,0,1,1,,,,,,,,,,,,,,,,,,,,,,,,,,,,,,,,,,,,,,,,,,,,,,,,,-1,
R_3MfJ4spPErH4NYC,Default Response Set,Anonymous,,,94.73.41.230,0,2019-04-27 03:23:22,2019-04-27 03:53:17,0,1,1,,,,,,,,,,,,,,,,,,,,,,,,,,,,,,,,,,,,,,,,,,,,,,,,,-1,
R_1irjCqPl2Ss82we,Default Response Set,Anonymous,,,31.4.147.213,0,2019-04-26 12:01:26,2019-04-26 12:02:53,0,1,1,,,,,,,,,,,,,,,,,,,,,,,,,,,,,,,,,,,,,,,,,,,,,,,,,-1,
R_2S6yY5OhZPTzkIM,Default Response Set,Anonymous,,,82.132.239.70,0,2019-04-26 11:12:46,2019-04-26 11:13:48,0,1,1,,,,,Segundo,Primero,,,,,,,,,,,,,,,,,,,,,,,,,,,,,,,,,,,,,,,,,,,-1,
R_3fwVGiN8LTyLl6Z,Default Response Set,Anonymous,,,31.4.191.70,0,2019-04-26 11:01:25,2019-04-26 11:05:58,0,1,1,,,,,,,,,,,,,,,,,,,Segundo,Primero,,,,,,,,,,,,,,,,,,,,,,,,,,,,,-1,
R_1JEkVo64s1QJYg5,Default Response Set,Anonymous,,,87.178.146.206,0,2019-04-26 08:51:51,2019-04-26 08:51:56,0,1,1,,,,,,,,,,,,,,,,,,,,,,,,,,,,,,,,,,,,,,,,,,,,,,,,,-1,
R_XBTvawahgidRU0p,Default Response Set,Anonymous,,,80.30.27.232,0,2019-05-01 04:24:44,2019-05-01 04:27:59,1,1,1,,,,,,,,,,,,,,,,,,,,,,,,,,,Primero,Primero,,,,,El golpe seco. Más cortante en el primero,Sí,No,73,femenino,diestro/a,Español,Ninguno,Sí,No,Sí,Nunca,Visitas cortas,1,40.414306640625,-3.7015991210938,-1,
R_2WwKhHMbx2XFSzX,Default Response Set,Anonymous,,,90.74.233.4,0,2019-05-01 04:46:43,2019-05-01 04:49:14,1,1,1,,,,,,,,,,,,,,,Segundo,Primero,,,,,,,,,,,,,,,,,"Cuando hay un sonido más seco lo he identificado como duro, mientras que si es un poquito más prolongado y suave, como blando.  / No, no he detectado ningún aspecto más.",Sí,No,21,femenino,zurdo/a,Castellano,Ninguno,No,No,No,Nunca,Nunca,1,40.414306640625,-3.7015991210938,-1,
R_12fHsIIgBXqQ4ig,Default Response Set,Anonymous,,,89.238.178.213,0,2019-05-01 06:00:37,2019-05-01 06:02:47,1,1,1,,,,,,,Segundo,Primero,,,,,,,,,,,,,,,,,,,,,,,,,"La apertura del sonido (acabado en algo más parecido a una ""a"" o una ""o"") influencia, así como la rasposidad del sonido inicial",Sí,Sí,20,masculino,diestro/a,Español,Ninguno,Quizás,No,Sí,Muy pocas veces,Nunca,1,40.414306640625,-3.7015991210938,-1,
R_e8umll5bjz4VT4R,Default Response Set,Anonymous,,,85.53.189.118,0,2019-05-01 06:30:36,2019-05-01 06:32:29,1,1,1,,,,,,,,,,,,,,,,,,,,,,,,,Segundo,Segundo,,,,,,,No se,Sí,No,25,femenino,diestro/a,Español,Ninguno,No,No,No,Nunca,Nunca,1,41.608001708984,2.2877044677734,-1,
R_yPg636Hnm5gs47v,Default Response Set,Anonymous,,,188.77.180.109,0,2019-05-01 07:50:55,2019-05-01 07:54:48,1,1,1,,,,,,,,,,,,,,,,,,,,,,,Segundo,Primero,,,,,,,,,Me ha parecido mas duro el sonido seguido de vocal,Sí,Sí,57,masculino,diestro/a,Castellano,Ninguno,Sí,No,Sí,Muy pocas veces,Nunca,1,41.277893066406,1.9703063964844,-1,
R_cCRR6bUT3pHx1rb,Default Response Set,Anonymous,,,83.56.56.247,0,2019-05-01 10:15:00,2019-05-01 10:17:54,1,1,1,,,,,,,,,,,,,,,,,,,,,,,,,,,Primero,Segundo,,,,,"El criterio para seleccionar el más ""duro"" ha sido porque el  más suave lo identificaba con un suspiro.",Sí,No,20,masculino,diestro/a,Español,Ninguno,No,No,No,Nunca,Nunca,1,40.414306640625,-3.7015991210938,-1,
R_3siYgwFNS6HFctQ,Default Response Set,Anonymous,,,5.151.121.32,0,2019-05-01 12:10:31,2019-05-01 12:16:23,1,1,1,,,,,,,,,Primero,Segundo,,,,,,,,,,,,,,,,,,,,,,,Me ha parecido que las más duras eran “plosives”. Creo que las que he reconocido como blandas eran más fricativas. ,Sí,No,25,femenino,diestro/a,Español,Ninguno,Sí,No,No,Nunca,Nunca,1,51.845901489258,0.85740661621094,-1,
R_3OoUJIlvaVTJsYO,Default Response Set,Anonymous,,,189.132.35.136,0,2019-05-01 23:55:43,2019-05-02 00:02:56,1,1,1,,,,,,,,,,,,,,,,,,,,,Segundo,Primero,,,,,,,,,,,"Intenté articular los sonidos así como los escuché y el que yo escogí como ""duro"" me implicaba más esfuerzo que el otro, tanto en la zona de la garganta como en la expresión facial; creo que relacioné eso con lo ""duro"".",Sí,No,25,masculino,diestro/a,Español,Ninguno,Quizás,Quizás,No,Ocasionalmente,Nunca,1,19.434204101562,-99.138603210449,-1,
R_1rxcGyF55xesowE,Default Response Set,Anonymous,,,80.30.24.45,0,2019-05-02 03:55:59,2019-05-02 03:59:05,1,1,1,,,,,,,,,,,,,,,Segundo,Segundo,,,,,,,,,,,,,,,,,"La intensidad de la ""expiración"" fue lo que me hizo decidir.",Sí,Sí,63,femenino,zurdo/a,"español, inglés",Ninguno,No,No,No,Nunca,Nunca,1,40.414306640625,-3.7015991210938,-1,
R_2zhE3uLnPClZv6W,Default Response Set,Anonymous,,,31.4.223.54,0,2019-05-02 04:55:52,2019-05-02 04:57:43,0,1,1,,,Segundo,Segundo,,,,,,,,,,,,,,,,,,,,,,,,,,,,,,,,,,,,,,,,,,,,,-1,
R_3g4WmTSYpTtbJbC,Default Response Set,Anonymous,,,47.63.20.145,0,2019-05-02 01:53:52,2019-05-02 01:54:47,0,1,1,,,,,,,,,,,,,,,,,,,,,,,,,,,,,Primero,Primero,,,,,,,,,,,,,,,,,,,-1,
R_bwnw48dOhh7Yvhn,Default Response Set,Anonymous,,,83.36.119.227,0,2019-05-02 06:19:35,2019-05-02 06:39:32,0,1,1,,,,,,,,,,,,,,,,,,,,,,,,,,,,,,,Primero,Primero,"'+Duro= más corto, más enérgico / - Duro= más prolongado",Sí,No,67,femenino,diestro/a,Castellano,Ninguno,Sí,No,No,Nunca,Nunca,,,,-1,
R_1lAxwm7248wWW4q,Default Response Set,Anonymous,,,145.1.242.58,0,2019-05-01 11:40:15,2019-05-01 11:40:59,0,1,1,,,,,,,,,,,,,,,,,Primero,Segundo,,,,,,,,,,,,,,,,,,,,,,,,,,,,,,,-1,
R_tMVoMNRUAdsURhf,Default Response Set,Anonymous,,,93.176.156.75,0,2019-05-01 09:14:18,2019-05-01 09:15:04,0,1,1,Segundo,Primero,,,,,,,,,,,,,,,,,,,,,,,,,,,,,,,,,,,,,,,,,,,,,,,-1,
R_XXq1DPEapCjgsbn,Default Response Set,Anonymous,,,187.137.94.160,0,2019-05-01 23:50:26,2019-05-01 23:51:43,0,1,1,,,,,,,,,,,,,,,,,,,,,,,,,,,,,,,,,,,,,,,,,,,,,,,,,-1,
R_9nu26t0J8c7FcNH,Default Response Set,Anonymous,,,80.29.150.135,0,2019-05-01 07:34:49,2019-05-01 07:35:53,0,1,1,,,,,Primero,Primero,,,,,,,,,,,,,,,,,,,,,,,,,,,,,,,,,,,,,,,,,,,-1,
R_271XEFKd8rPrerh,Default Response Set,Anonymous,,,201.114.241.224,0,2019-05-02 09:27:51,2019-05-02 09:30:06,1,1,1,,,,,,,,,,,Segundo,Segundo,,,,,,,,,,,,,,,,,,,,,"No, creo que porque el ruido es menos abrupto, no estoy seguro.",Sí,No,26,masculino,diestro/a,Español de México,Ninguno,No,No,Quizás,Nunca,Nunca,1,19.434204101562,-99.138603210449,-1,
R_qCNLwZsISueBkDD,Default Response Set,Anonymous,,,176.83.126.1,0,2019-05-02 11:26:52,2019-05-02 11:29:59,1,1,1,,,,,,,,,,,,,,,,,,,,,,,,,,,,,,,Primero,Segundo,"El segundo ejercicio eran latigazos. El primero exhalaciónes de una chica simulando el ruido de una bala. El primero dellos era más cool, más duro. ",Sí,Sí,40,masculino,diestro/a,Español ,Ninguno,Sí,Sí,Quizás,Nunca,Visitas cortas,1,41.389099121094,2.1611022949219,-1,
R_3QJeRHsw3ztsCFP,Default Response Set,Anonymous,,,2.143.122.110,0,2019-05-02 11:37:59,2019-05-02 11:40:56,1,1,1,,,,,,,,,,,,,,,,,,,Primero,Segundo,,,,,,,,,,,,,"Los audios duros eran cortantes, un bufido rápido. Por otro lado, los que considero blandos se disipaban.",Sí,Sí,20,masculino,diestro/a,Español,Ninguno,Sí,No,No,Muy pocas veces,Nunca,1,40.414306640625,-3.7015991210938,-1,
R_2UYG2zT3bE4lQOc,Default Response Set,Anonymous,,,84.126.2.182,0,2019-05-02 13:42:31,2019-05-02 13:44:16,1,1,1,,,,,,,,,,,,,,,Segundo,Segundo,,,,,,,,,,,,,,,,,Diría que la voz,Sí,Sí,36,masculino,zurdo/a,Español,Ninguno,Sí,No,No,Nunca,Nunca,1,37.986999511719,-1.1300048828125,-1,
R_2rGYBWOkkjzCo5d,Default Response Set,Anonymous,,,79.148.163.198,0,2019-05-02 15:10:05,2019-05-02 15:12:23,1,1,1,,,,,,,,,,,,,,,,,,,,,,,,,,,,,Segundo,Segundo,,,"Realmente, puedo interpretar ""duro"" como diferentes cosas. He seleccionado los sonidos más... como con más cantidad de sonido... o algo así, pero en algún otro sentido los más duros eran los otros.",Sí,No,20,masculino,diestro/a,"Castellano, catalán",Ninguno,No,No,No,Muy pocas veces,Nunca,1,41.491104125977,2.1407928466797,-1,
R_D00z74D9P45mH1n,Default Response Set,Anonymous,,,213.99.34.101,0,2019-05-03 01:54:39,2019-05-03 01:58:34,1,1,1,,,,,Primero,Primero,,,,,,,,,,,,,,,,,,,,,,,,,,,"El segundo me recuerda al sonido que hacemos cuando imitamos a un león. Es más explosivo, más agresivo. ",Sí,Sí,40,femenino,diestro/a,catalán,Ninguno,Sí,Quizás,No,Nunca,Visitas cortas,1,43.360305786133,-5.8448028564453,-1,
R_20Zseiqw2c6u2s3,Default Response Set,Anonymous,,,85.51.54.206,0,2019-05-03 03:27:05,2019-05-03 03:29:24,1,1,1,,,,,,,,,,,,,,,,,Primero,Segundo,,,,,,,,,,,,,,,mas duro lo interpreto como más fuerte,Sí,No,24,femenino,diestro/a,castellano,Ninguno,No,No,No,Nunca,Nunca,1,40.414306640625,-3.7015991210938,-1,
R_Usf3v6xkmEDp3BT,Default Response Set,Anonymous,,,213.4.176.23,0,2019-05-06 05:39:28,2019-05-06 05:42:17,1,1,1,,,Segundo,Segundo,,,,,,,,,,,,,,,,,,,,,,,,,,,,,He considerado como más 'blando' el sonido que me parecía más agudo,Sí,No,3,masculino,diestro/a,Valenciano,Ninguno,No,No,No,Nunca,Nunca,1,41.389099121094,2.1611022949219,-1,
R_2RPpPvDp5dOwJnw,Default Response Set,Anonymous,,,92.190.221.141,0,2019-05-06 10:26:47,2019-05-07 09:56:33,1,1,1,,,,,,,,,,,,,,,,,,,,,,,,,,,Segundo,Segundo,,,,,El sonido parece más fuerte,Sí,Sí,25,masculino,zurdo/a,Español,Ninguno,No,No,No,Nunca,Nunca,1,40.414306640625,-3.7015991210938,-1,
R_3MaIbU1sEehGzrt,Default Response Set,Anonymous,,,139.47.116.204,0,2019-05-08 05:12:31,2019-05-08 05:15:09,1,1,1,,,,,,,,,,,,,,,,,,,,,,,Segundo,Primero,,,,,,,,,"El hecho de sentir que oigo un sonido más fuerte, no tan aspirado como en las que marco como más blandas. ",Sí,No,23,femenino,diestro/a,Español,Ninguno,No,No,No,Muy pocas veces,Nunca,1,40.414306640625,-3.7015991210938,-1,
R_9FGUAU0w951K1l7,Default Response Set,Anonymous,,,98.164.90.111,0,2019-05-08 05:55:08,2019-05-08 05:57:34,1,1,1,,,,,,,,,,,Segundo,Primero,,,,,,,,,,,,,,,,,,,,,No,Sí,Sí,35,masculino,diestro/a,castellano,Ninguno,Sí,No,Sí,Muy pocas veces,Nunca,1,29.973403930664,-90.088500976562,-1,
R_3q9vbhaMCNLiHnA,Default Response Set,Anonymous,,,186.136.18.226,0,2019-05-08 06:37:09,2019-05-08 06:40:20,1,1,1,,,,,,,,,,,,,,,,,,,,,,,,,,,Primero,Segundo,,,,,"Volumen/sonoridad (a mayor volumen o sonoridad, más 'duro')",Sí,No,25,femenino,diestro/a,Español,Ninguno,No,No,Sí,Muy pocas veces,Nunca,1,-34.640701293945,-58.56379699707,-1,
R_6S5I7o0sh7Zd9eh,Default Response Set,Anonymous,,,152.171.163.19,0,2019-05-08 07:14:49,2019-05-08 07:19:44,1,1,1,,,,,,,,,,,,,,,,,,,,,,,,,,,,,Primero,Primero,,,"Me parece que a la hora de interpretar cual sonido era mas ""blando"" y cual más ""duro"" tuvo un papel muy importante la rapidez con la que se escuchaban los mismos; es decir, quiza en el primer audio se hacía el sonido más pausadamente y en el otro era más rápido (por asi decirlo) y entonces interpretaba que el más lento era el más blando. Sin embargo en la segunda parte cuando me di cuenta de ello intente responder en base al sonido en si mismo y no como se lo interpretaba.",Sí,No,19,femenino,diestro/a,Español,Ninguno,No,No,No,Nunca,Nunca,1,-34.640701293945,-58.56379699707,-1,
R_2Seq6UG9nDdWsHy,Default Response Set,Anonymous,,,200.114.244.177,0,2019-05-08 08:14:04,2019-05-08 08:17:53,1,1,1,,,,,,,,,,,,,,,,,,,,,Segundo,Primero,,,,,,,,,,,"El sonido /k/ se sentia mas oscuro, pesado en compracion al otro. ",Sí,Sí,26,femenino,diestro/a,Español,Ninguno,No,Sí,No,Muy pocas veces,Nunca,1,-34.640701293945,-58.56379699707,-1,
R_1OQ4lVT6ZdLwVBj,Default Response Set,Anonymous,,,181.13.71.131,0,2019-05-08 08:18:59,2019-05-08 08:22:51,1,1,1,,,,,Primero,Primero,,,,,,,,,,,,,,,,,,,,,,,,,,,"En uno de los sonidos parecía haber una especie de fuerza al pronunciar que, a comparación del otro, le daba un aspecto más duro.",Sí,No,25,femenino,diestro/a,Español,Ninguno,No,No,No,Regularmente,Nunca,1,-34.602096557617,-58.384498596191,-1,
R_1I5BV2lLDtrRWWH,Default Response Set,Anonymous,,,201.179.159.129,0,2019-05-08 08:31:40,2019-05-08 08:34:50,1,1,1,,,,,,,,,,,,,,,,,,,,,,,,,,,,,,,Primero,Segundo,"Detecte como un respiro rasposo en los que eran ""duros""",Sí,No,19,masculino,diestro/a,Español (Argentina),Ninguno,No,No,No,Nunca,Nunca,1,-38,-57.550003051758,-1,
R_3HBrCzjTLK7NIJR,Default Response Set,Anonymous,,,152.171.178.17,0,2019-05-08 11:49:11,2019-05-08 11:52:11,1,1,1,,,,,,,,,,,,,,,,,,,Primero,Segundo,,,,,,,,,,,,,El sonido elegi el sonido mas duro elnque me causó dolor de odios y malestar al esucharlo,Sí,Sí,22,femenino,diestro/a,Castellano ,Ninguno,No,No,No,Nunca,Nunca,1,-34.640701293945,-58.56379699707,-1,
R_2BlZOWDyENqSAbV,Default Response Set,Anonymous,,,24.255.30.141,0,2019-05-08 09:14:42,2019-05-08 12:13:01,1,1,1,,,,,,,,,,,,,,,,,,,,,,,,,Segundo,Segundo,,,,,,,para mí tiene que ver con lo que puede ser la presión o el nivel de exhalación. La opción que elegí parece que proviene de un sonido con mucha más presión y por lo tanto más duro,Sí,No,32,masculino,diestro/a,español,Ninguno,Sí,No,Sí,Nunca,Nunca,1,32.246002197266,-110.91770172119,-1,
R_1kOGEo0MjEs1ueF,Default Response Set,Anonymous,,,200.127.68.102,0,2019-05-08 12:34:19,2019-05-08 12:37:56,1,1,1,,,Segundo,Primero,,,,,,,,,,,,,,,,,,,,,,,,,,,,,La terminacion,Sí,No,19,masculino,diestro/a,Castellano,Ninguno,No,No,No,Nunca,Nunca,1,-38,-57.550003051758,-1,
R_3kOkSJlSyVl4W39,Default Response Set,Anonymous,,,212.21.251.134,0,2019-05-08 13:25:11,2019-05-08 13:49:19,1,1,1,,,,,,,Primero,Primero,,,,,,,,,,,,,,,,,,,,,,,,,"El volumen, la duración y el tono el sonido ha sido lo que ha hecho tomar una decisión u otra.",Sí,Sí,34,femenino,diestro/a,Español,Ninguno,Sí,Quizás,No,Nunca,Nunca,1,42.466705322266,-2.4499969482422,-1,
R_2anOyetxT6TxM6U,Default Response Set,Anonymous,,,212.21.251.134,0,2019-05-08 13:49:42,2019-05-08 13:53:16,1,1,1,,,,,,,,,,,,,,,,,,,,,,,,,,,Segundo,Segundo,,,,,"Me parece que ha sido el mismo segundo sonido en los dos casos, la /k/",Sí,No,37,masculino,diestro/a,Español,Ninguno,Quizás,No,No,Nunca,Nunca,1,42.466705322266,-2.4499969482422,-1,
R_1LUOa4zo0qI45lR,Default Response Set,Anonymous,,,181.13.71.139,0,2019-05-08 13:56:16,2019-05-08 13:59:13,1,1,1,,,,,,,,,,,Primero,Segundo,,,,,,,,,,,,,,,,,,,,,Just my first impression when listening to it.,Sí,No,51,femenino,diestro/a,Español,Ninguno,No,No,No,Nunca,Nunca,1,-34.602096557617,-58.384498596191,-1,
R_3et3MLl9KVsWn4v,Default Response Set,Anonymous,,,95.61.191.32,0,2019-05-08 12:46:10,2019-05-08 14:20:19,1,1,1,,,,,,,,,,,,,,,,,,,,,,,Segundo,Primero,,,,,,,,,si era más agudo o más grave. ,Sí,No,24,femenino,diestro/a,Solo castellano,Ninguno,Quizás,No,No,Regularmente,Nunca,1,40.414306640625,-3.7015991210938,-1,
R_xaP8CpD5Ziz0lm9,Default Response Set,Anonymous,,,45.229.29.9,0,2019-05-08 16:16:58,2019-05-08 16:20:03,1,1,1,,,,,,,,,,,,,,,,,,,Primero,Segundo,,,,,,,,,,,,,"Los sonidos que me parecieron más duros fueron los que causaron más impacto acústico repentino. Si se pudieran ver como ondas en el Audacity, habría picos de volumen.",Sí,No,24,femenino,diestro/a,Castellano,Ninguno,No,No,No,Muy pocas veces,Nunca,1,-38,-57.550003051758,-1,
R_1LvbdGos5KbQK4b,Default Response Set,Anonymous,,,190.192.109.109,0,2019-05-08 21:48:11,2019-05-08 21:53:13,1,1,1,,,,,,,,,,,,,,,,,Primero,Segundo,,,,,,,,,,,,,,,"Admito que escuche varias veces los audios. Al principio me costo identificar cuál me parecía más duro o blando. Sinceramente no conozco sus significados, pero tomé al 'sonido duro' el que sentí más fuerte y al 'blando' como el más débil.",Sí,Sí,21,femenino,diestro/a,Español,Ninguno,No,No,No,Nunca,Nunca,1,-34.908294677734,-60.030601501465,-1,
R_2R2L8iN9pniVXWI,Default Response Set,Anonymous,,,181.117.216.237,0,2019-05-09 06:19:06,2019-05-09 06:21:20,1,1,1,,,,,,,,,,,,,,,,,,,,,Segundo,Primero,,,,,,,,,,,Nada en particular ,Sí,Sí,33,femenino,diestro/a,Español,Ninguno,No,No,No,Nunca,Nunca,1,-34.602096557617,-58.384498596191,-1,
R_1o0kLWRoRHsZ9wz,Default Response Set,Anonymous,,,201.179.185.141,0,2019-05-09 06:59:59,2019-05-09 07:02:19,1,1,1,,,,,,,,,,,,,Primero,Segundo,,,,,,,,,,,,,,,,,,,"Uno de esos sonidos tenía una característica más explosiva, por lo que pude percibir que el gran escape de aire que producía lo hacía el más fuerte. ",Sí,No,23,masculino,diestro/a,Español,Ninguno,No,No,No,Nunca,Nunca,1,-34.602096557617,-58.384498596191,-1,
R_2YhQCOKAW8p2wWX,Default Response Set,Anonymous,,,77.228.3.181,0,2019-05-02 10:49:34,2019-05-02 10:49:46,0,1,1,,,,,,,,,,,,,,,,,,,,,,,,,,,,,,,,,,,,,,,,,,,,,,,,,-1,
R_28ZIaXgyXOEtkfN,Default Response Set,Anonymous,,,201.175.167.108,0,2019-05-02 11:26:16,2019-05-02 11:28:32,0,1,1,,,,,,,,,Segundo,,,,,,,,,,,,,,,,,,,,,,,,,,,,,,,,,,,,,,,,-1,
R_214es42wdnlJ5u6,Default Response Set,Anonymous,,,31.4.211.53,0,2019-05-02 14:59:54,2019-05-02 15:01:10,0,1,1,,,,,,,Primero,Primero,,,,,,,,,,,,,,,,,,,,,,,,,,,,,,,,,,,,,,,,,-1,
R_3Op5CFdGfBdTXYb,Default Response Set,Anonymous,,,181.61.94.165,0,2019-05-02 19:26:45,2019-05-02 19:28:51,0,1,1,,,,,,,,,,,,,,,,,,,,,,,Primero,Primero,,,,,,,,,,,,,,,,,,,,,,,,,-1,
R_3ELms02gSxwr7vX,Default Response Set,Anonymous,,,190.25.91.26,0,2019-05-03 21:07:18,2019-05-03 21:07:43,0,1,1,,,,,,,,,,,,,,,,,,,,,,,,,,,,,,,,,,,,,,,,,,,,,,,,,-1,
R_21EQ6dWv17F42nM,Default Response Set,Anonymous,,,79.154.223.72,0,2019-05-04 14:44:17,2019-05-04 14:48:33,0,1,1,,,,,,,,,,,,,,,,,,,,,,,,,Primero,Segundo,,,,,,,,,,,,,,,,,,,,,,,-1,
R_BWmgUmAV2A4mBnH,Default Response Set,Anonymous,,,88.24.235.219,0,2019-05-04 16:31:51,2019-05-04 16:33:07,0,1,1,,,,,,,,,,,,,Segundo,Primero,,,,,,,,,,,,,,,,,,,,,,,,,,,,,,,,,,,-1,
R_RERxfIoqIe5jnxf,Default Response Set,Anonymous,,,95.63.90.22,0,2019-05-05 12:09:47,2019-05-05 12:10:29,0,1,1,,,,,,,,,,,,,,,,,,,,,Primero,Primero,,,,,,,,,,,,,,,,,,,,,,,,,,,-1,
R_3p2MLjBxlh64UlP,Default Response Set,Anonymous,,,181.20.23.191,0,2019-05-12 18:05:42,2019-05-12 19:02:57,1,1,1,,,,,Primero,Segundo,,,,,,,,,,,,,,,,,,,,,,,,,,,I consider the sounds soft or hard because thw impacr they have to my hearing,Sí,Sí,45,femenino,diestro/a,español,Ninguno,No,No,No,Nunca,Nunca,1,-38.716705322266,-62.283302307129,-1,
R_2UYNrzc6np8IuaQ,Default Response Set,Anonymous,,,138.100.11.138,0,2019-05-06 03:23:53,2019-05-06 03:44:08,0,1,,,,,,,,,,,,,,,,,,,,,,,,,,,,,,,,,,,,,,,,,,,,,,,,,,-1,
R_1JIUZT9TOyWue8U,Default Response Set,Anonymous,,,81.184.92.11,0,2019-05-06 04:42:31,2019-05-06 04:44:29,0,1,1,,,,,,,,,,,Primero,Primero,,,,,,,,,,,,,,,,,,,,,El blando era más apagado,Sí,No,57,masculino,diestro/a,español,Ninguno,No,No,No,Nunca,Nunca,,,,-1,
R_pLd1cUKXGj39yOR,Default Response Set,Anonymous,,,212.95.8.197,0,2019-05-08 06:32:47,2019-05-08 06:33:00,0,1,1,,,,,,,,,,,,,,,,,,,,,,,,,,,,,,,,,,,,,,,,,,,,,,,,,-1,
R_5tdnW1gIUBe2lbP,Default Response Set,Anonymous,,,186.12.57.23,0,2019-05-08 06:53:19,2019-05-08 06:53:37,0,1,,,,,,,,,,,,,,,,,,,,,,,,,,,,,,,,,,,,,,,,,,,,,,,,,,-1,
R_3L0l37MENXH3GWn,Default Response Set,Anonymous,,,186.12.28.98,0,2019-05-08 07:40:12,2019-05-08 07:41:41,0,1,1,,,,,,,,,,,,,,,Segundo,Primero,,,,,,,,,,,,,,,,,,,,,,,,,,,,,,,,,-1,
R_qDZlvNNk5mrlL4B,Default Response Set,Anonymous,,,186.136.243.82,0,2019-05-08 09:03:07,2019-05-08 09:04:12,0,1,1,Primero,Segundo,,,,,,,,,,,,,,,,,,,,,,,,,,,,,,,,,,,,,,,,,,,,,,,-1,
R_w6lDwDHrX8HXhND,Default Response Set,Anonymous,,,190.194.82.57,0,2019-05-08 09:59:32,2019-05-08 10:00:50,0,1,1,,,,,,,,,,,,,Segundo,Primero,,,,,,,,,,,,,,,,,,,,,,,,,,,,,,,,,,,-1,
R_2PpQ9lAtNprxReC,Default Response Set,Anonymous,,,201.213.237.44,0,2019-05-08 10:31:42,2019-05-08 10:32:09,0,1,1,,,,,,,,,,,,,,,,,,,,,,,,,,,,,,,,,,,,,,,,,,,,,,,,,-1,
R_3wODVTCQFiAfKZr,Default Response Set,Anonymous,,,45.232.93.93,0,2019-05-08 12:05:24,2019-05-08 12:06:14,0,1,1,,,,,,,Primero,Primero,,,,,,,,,,,,,,,,,,,,,,,,,,,,,,,,,,,,,,,,,-1,
R_OCk5w30tS9l85GN,Default Response Set,Anonymous,,,181.170.148.30,0,2019-05-08 14:23:07,2019-05-08 14:25:38,0,1,1,,,,,,,,,,,,,,,,,,,,,,,,,,,,,,,Segundo,Primero,"Consideré a los sonidos ""duros"" los que percibí con mayor volúmen",Sí,No,27,femenino,diestro/a,Español,,,,,,,,,,-1,
R_3suz8gGqXMW3Mk8,Default Response Set,Anonymous,,,186.62.121.217,0,2019-05-08 14:53:50,2019-05-08 14:55:32,0,1,1,,,,,Primero,,,,,,,,,,,,,,,,,,,,,,,,,,,,,,,,,,,,,,,,,,,,-1,
R_2fed055ZlCj82K6,Default Response Set,Anonymous,,,181.41.224.77,0,2019-05-08 15:46:38,2019-05-08 15:47:18,0,1,1,Segundo,Segundo,,,,,,,,,,,,,,,,,,,,,,,,,,,,,,,,,,,,,,,,,,,,,,,-1,
R_2yeYp9ZY9f9NmNW,Default Response Set,Anonymous,,,152.171.177.99,0,2019-05-08 18:55:11,2019-05-08 18:56:04,0,1,1,,,,,,,,,,,,,,,,,,,,,,,,,,,,,,,,,,,,,,,,,,,,,,,,,-1,
R_3nwn7is9CQys8Dz,Default Response Set,Anonymous,,,190.9.11.102,0,2019-05-08 20:23:44,2019-05-08 20:24:57,0,1,1,,,,,,,,,Primero,Segundo,,,,,,,,,,,,,,,,,,,,,,,,,,,,,,,,,,,,,,,-1,
R_ai1b5li5SjXAC2t,Default Response Set,Anonymous,,,79.78.155.164,0,2019-05-09 03:19:08,2019-05-09 03:24:34,0,1,1,,,,,,,,,,,,,,,,,,,,,,,,,,,,,,,,,,,,,,,,,,,,,,,,,-1,
R_3DtPvvWQCopx6Lk,Default Response Set,Anonymous,,,141.13.105.49,0,2019-05-10 03:11:51,2019-05-10 03:12:01,0,1,1,,,,,,,,,,,,,,,,,,,,,,,,,,,,,,,,,,,,,,,,,,,,,,,,,-1,
R_3jcYHQhGAvy31Lg,Default Response Set,Anonymous,,,190.18.133.78,0,2019-05-09 07:19:23,2019-05-09 07:20:31,0,1,1,,,,,,,,,,,,,,,,,,,,,,,,,,,,,Primero,Primero,,,,,,,,,,,,,,,,,,,-1,
R_3RgYRZBHOtbFca0,Default Response Set,Anonymous,,,190.3.22.153,0,2019-05-09 05:41:26,2019-05-09 05:42:56,0,1,1,,,Primero,Segundo,,,,,,,,,,,,,,,,,,,,,,,,,,,,,,,,,,,,,,,,,,,,,-1,
